Name,Image-URL
Move to Heaven,https://i.mydramalist.com/Rle36_4s.jpg?v=1
Hospital Playlist 2,https://i.mydramalist.com/dKY0d_4s.jpg?v=1
Flower of Evil,https://i.mydramalist.com/WAEAp_4s.jpg?v=1
Hospital Playlist,https://i.mydramalist.com/RXXL6_4s.jpg?v=1
Reply 1988,https://i.mydramalist.com/EVe0p_4s.jpg?v=1
My Mister,https://i.mydramalist.com/2lb8k_4s.jpg?v=1
Crash Landing on You,https://i.mydramalist.com/XrN2ds.jpg?v=1
Mr. Queen,https://i.mydramalist.com/qPA42_4s.jpg?v=1
Prison Playbook,https://i.mydramalist.com/xXK7ys.jpg?v=1
Mother,https://i.mydramalist.com/dRPqds.jpg?v=1
It's Okay to Not Be Okay,https://i.mydramalist.com/xw3xX_4s.jpg?v=1
Navillera,https://i.mydramalist.com/wE3AA_4s.jpg?v=1
Signal,https://i.mydramalist.com/6wYZO_4s.jpg?v=1
Vincenzo,https://i.mydramalist.com/vAnBe_4s.jpg?v=1
Kingdom 2,https://i.mydramalist.com/mOnjAk_4s.jpg?v=1
Mr. Sunshine,https://i.mydramalist.com/vKrdW_4s.jpg?v=1
Happiness,https://i.mydramalist.com/BWXjV_4s.jpg?v=1
Mouse,https://i.mydramalist.com/XNeKO_4s.jpg?v=1
Healer,https://i.mydramalist.com/lBOo4s.jpg?v=1
Goblin,https://i.mydramalist.com/JkD8Xs.jpg?v=1
Taxi Driver,https://i.mydramalist.com/2Bkww_4s.jpg?v=1
The Uncanny Counter,https://i.mydramalist.com/v3032_4s.jpg?v=1
D.P.,https://i.mydramalist.com/XkYln_4s.jpg?v=1
Stranger,https://i.mydramalist.com/1o3zzs.jpg?v=1
Kingdom,https://i.mydramalist.com/d4d1Ws.jpg?v=1
The Red Sleeve,https://i.mydramalist.com/2WpKk_4s.jpg?v=1
Weightlifting Fairy Kim Bok Joo,https://i.mydramalist.com/D2X7Ds.jpg?v=1
SKY Castle,https://i.mydramalist.com/2wndKO_4s.jpg?v=1
Dr. Romantic 2,https://i.mydramalist.com/Rr7DEs.jpg?v=1
Youth of May,https://i.mydramalist.com/dNO1d_4s.jpg?v=1
Beyond Evil,https://i.mydramalist.com/0l4wY_4s.jpg?v=1
Dear My Friends,https://i.mydramalist.com/2zWk2_4s.jpg?v=1
Racket Boys,https://i.mydramalist.com/QARr2_4s.jpg?v=1
The Devil Judge,https://i.mydramalist.com/XJL7Z_4s.jpg?v=1
Partners for Justice 2,https://i.mydramalist.com/enw3es.jpg?v=1
Arthdal Chronicles Part 3,https://i.mydramalist.com/23m6ws.jpg?v=1
Moon Lovers,https://i.mydramalist.com/jWJxbs.jpg?v=1
Life on Mars,https://i.mydramalist.com/DX4Yzs.jpg?v=1
Hometown Cha-Cha-Cha,https://i.mydramalist.com/ZeKv1_4s.jpg?v=1
Arthdal Chronicles Part 2,https://i.mydramalist.com/6o4N2s.jpg?v=1
Six Flying Dragons,https://i.mydramalist.com/bBvWjs.jpg?v=1
Sweet Home,https://i.mydramalist.com/xy8oq_4s.jpg?v=1
The Guest,https://i.mydramalist.com/Wb2pWs.jpg?v=1
Strong Woman Do Bong Soon,https://i.mydramalist.com/XZqYJs.jpg?v=1
While You Were Sleeping,https://i.mydramalist.com/jQV45J_4s.jpg?v=1
The Penthouse,https://i.mydramalist.com/QyBA2_4s.jpg?v=1
The Penthouse 2,https://i.mydramalist.com/670YW_4s.jpg?v=1
Defendant,https://i.mydramalist.com/4JDbd_4s.jpg?v=1
My Name,https://i.mydramalist.com/jD3br_4s.jpg?v=1
"Kill Me, Heal Me",https://i.mydramalist.com/p2j0ns.jpg?v=1
Dr. Romantic,https://i.mydramalist.com/KxgYRs.jpg?v=1
Jewel in the Palace,https://i.mydramalist.com/wJVdns.jpg?v=1
Our Beloved Summer,https://i.mydramalist.com/4QLgQ_4s.jpg?v=1
18 Again,https://i.mydramalist.com/xnNnq_4s.jpg?v=1
Misaeng,https://i.mydramalist.com/jqA1ws.jpg?v=1
Strangers from Hell,https://i.mydramalist.com/4p2vds.jpg?v=1
Chicago Typewriter,https://i.mydramalist.com/Jkd1js.jpg?v=1
Missing,https://i.mydramalist.com/wzXQN_4s.jpg?v=1
Tunnel,https://i.mydramalist.com/JkryYs.jpg?v=1
Hot Stove League,https://i.mydramalist.com/ZrX3Os.jpg?v=1
Descendants of the Sun,https://i.mydramalist.com/vN26Zs.jpg?v=1
The Fiery Priest,https://i.mydramalist.com/evbZqs.jpg?v=1
Hotel del Luna,https://i.mydramalist.com/RApq6s.jpg?v=1
"It's Okay, That's Love",https://i.mydramalist.com/XB5ex_4s.jpg?v=1
Live,https://i.mydramalist.com/5o0ges.jpg?v=1
Law School,https://i.mydramalist.com/Xk2Dg_4s.jpg?v=1
Children of Nobody,https://i.mydramalist.com/2OW0ds.jpg?v=1
Once Again,https://i.mydramalist.com/kWPprs.jpg?v=1
Eulachacha Waikiki,https://i.mydramalist.com/RPjLrs.jpg?v=1
Empress Ki,https://i.mydramalist.com/JBpEls.jpg?v=1
Go Back Couple,https://i.mydramalist.com/w0RAYs.jpg?v=1
Good Manager,https://i.mydramalist.com/6oKxjs.jpg?v=1
The Bridal Mask,https://i.mydramalist.com/r5kLy_4s.jpg?v=1
Stranger 2,https://i.mydramalist.com/E5vbjl_4s.jpg?v=1
My Father Is Strange,https://i.mydramalist.com/j0p0ds.jpg?v=1
Cruel City,https://i.mydramalist.com/RLd8R_4s.jpg?v=1
Designated Survivor,https://i.mydramalist.com/Wmq1Rs.jpg?v=1
Beautiful World,https://i.mydramalist.com/ErXmQs.jpg?v=1
Age of Youth,https://i.mydramalist.com/bZk8Vs.jpg?v=1
Bad and Crazy,https://i.mydramalist.com/RVbJz_4s.jpg?v=1
Queen Seon Deok,https://i.mydramalist.com/Z8kn7s.jpg?v=1
Avengers Social Club,https://i.mydramalist.com/EDwzbs.jpg?v=1
The Master's Sun,https://i.mydramalist.com/rNRyms.jpg?v=1
Arthdal Chronicles Part 1,https://i.mydramalist.com/x2Pyws.jpg?v=1
Rebel,https://i.mydramalist.com/Red2Vs.jpg?v=1
Bad Guys,https://i.mydramalist.com/nOegEs.jpg?v=1
Just Between Lovers,https://i.mydramalist.com/rkKPms.jpg?v=1
My Love from the Star,https://i.mydramalist.com/d0dQAs.jpg?v=1
Vagabond,https://i.mydramalist.com/qboZPs.jpg?v=1
Voice,https://i.mydramalist.com/BjEp1s.jpg?v=1
What's Wrong with Secretary Kim,https://i.mydramalist.com/jr3Dzs.jpg?v=1
Mystic Pop-Up Bar,https://i.mydramalist.com/eEkpps.jpg?v=1
365,https://i.mydramalist.com/kY6Wgs.jpg?v=1
"Hi Bye, Mama!",https://i.mydramalist.com/43y1Js.jpg?v=1
W,https://i.mydramalist.com/6wjE0_4s.jpg?v=1
Dong Yi,https://i.mydramalist.com/WPlBXs.jpg?v=1
Save Me,https://i.mydramalist.com/YYnvyQ_4s.jpg?v=1
Nobody Knows,https://i.mydramalist.com/B3yVzs.jpg?v=1
Doctor John,https://i.mydramalist.com/jXmvbs.jpg?v=1
Fight For My Way,https://i.mydramalist.com/nv0kQs.jpg?v=1
I Hear Your Voice,https://i.mydramalist.com/MK62Xs.jpg?v=1
Kairos,https://i.mydramalist.com/EN4Wz_4s.jpg?v=1
One Ordinary Day,https://i.mydramalist.com/jP5Vd_4s.jpg?v=1
Reply 1997,https://i.mydramalist.com/2DNbws.jpg?v=1
Thirty but Seventeen,https://i.mydramalist.com/0vVX7s.jpg?v=1
Two Weeks,https://i.mydramalist.com/MBRLVs.jpg?v=1
Mad for Each Other,https://i.mydramalist.com/xJ7pr_4s.jpg?v=1
Voice 2,https://i.mydramalist.com/xEp0ys.jpg?v=1
Itaewon Class,https://i.mydramalist.com/kOpKms.jpg?v=1
Squid Game,https://i.mydramalist.com/X6vkX_4s.jpg?v=1
"It's Okay, That's Friendship",https://i.mydramalist.com/rl6Vp_4s.jpg?v=1
Doom at Your Service,https://i.mydramalist.com/vlNOX_4s.jpg?v=1
The Princess's Man,https://i.mydramalist.com/MX2zns.jpg?v=1
Because This Is My First Life,https://i.mydramalist.com/PdBoys.jpg?v=1
Dali and the Cocky Prince,https://i.mydramalist.com/Z6oP7_4s.jpg?v=1
Moon Embracing the Sun,https://i.mydramalist.com/dY3kAs.jpg?v=1
Circle,https://i.mydramalist.com/rkVXDs.jpg?v=1
Lost,https://i.mydramalist.com/vKrp8_4s.jpg?v=1
Angel's Last Mission: Love,https://i.mydramalist.com/10Y8ys.jpg?v=1
Partners for Justice,https://i.mydramalist.com/8pBZDs.jpg?v=1
When the Camellia Blooms,https://i.mydramalist.com/jAYOrs.jpg?v=1
Queen In Hyun's Man,https://i.mydramalist.com/9oVZEs.jpg?v=1
"Work Later, Drink Now",https://i.mydramalist.com/RNw0z_4s.jpg?v=1
Yumi's Cells,https://i.mydramalist.com/4JzlJ_4s.jpg?v=1
The Crowned Clown,https://i.mydramalist.com/4JZkk_4s.jpg?v=1
Snowdrop,https://i.mydramalist.com/RKBWE_4s.jpg?v=1
Duel,https://i.mydramalist.com/82x4Qs.jpg?v=1
Hello Monster,https://i.mydramalist.com/dRYAes.jpg?v=1
My Unfamiliar Family,https://i.mydramalist.com/woN2J_4s.jpg?v=1
Train,https://i.mydramalist.com/kdEBO_4s.jpg?v=1
Memorist,https://i.mydramalist.com/eEw3ds.jpg?v=1
Player,https://i.mydramalist.com/q2pD8s.jpg?v=1
The World of the Married,https://i.mydramalist.com/W3gKXs.jpg?v=1
My Country: The New Age,https://i.mydramalist.com/WNgPRs.jpg?v=1
Amanza,https://i.mydramalist.com/ZWd6O_4s.jpg?v=1
The Mysterious Class,https://i.mydramalist.com/RlEAY_4s.jpg?v=1
Tale of the Nine-Tailed,https://i.mydramalist.com/2kjdk_4s.jpg?v=1
Mad Dog,https://i.mydramalist.com/pklKDs.jpg?v=1
The Legend of the Blue Sea,https://i.mydramalist.com/BjZj6s.jpg?v=1
I'm Not a Robot,https://i.mydramalist.com/X4LAds.jpg?v=1
Extraordinary You,https://i.mydramalist.com/E24zps.jpg?v=1
Secret,https://i.mydramalist.com/o7D8ks.jpg?v=1
Jumong,https://i.mydramalist.com/0wv3Ns.jpg?v=1
Pinocchio,https://i.mydramalist.com/1zDn5_4s.jpg?v=1
Be Melodramatic,https://i.mydramalist.com/wnqens.jpg?v=1
Extracurricular,https://i.mydramalist.com/27Ry2s.jpg?v=1
The Veil,https://i.mydramalist.com/Xkn8n_4s.jpg?v=1
Sell Your Haunted House,https://i.mydramalist.com/v6LQB_4s.jpg?v=1
Birthcare Center,https://i.mydramalist.com/XOYRZ_4s.jpg?v=1
Nine: Nine Times Time Travel,https://i.mydramalist.com/KpPWJs.jpg?v=1
Voice Season 3: City of Accomplices,https://i.mydramalist.com/z708es.jpg?v=1
Lie After Lie,https://i.mydramalist.com/kxDvw_4s.jpg?v=1
Doctor Prisoner,https://i.mydramalist.com/RWnmos.jpg?v=1
Good Doctor,https://i.mydramalist.com/Mg3k1s.jpg?v=1
The Good Detective,https://i.mydramalist.com/RRz2E_4s.jpg?v=1
Age of Youth Season 2,https://i.mydramalist.com/gWz4Ws.jpg?v=1
Her Private Life,https://i.mydramalist.com/AvL7vs.jpg?v=1
Team Bulldog: Off-duty Investigation,https://i.mydramalist.com/qAvY2s.jpg?v=1
Come and Hug Me,https://i.mydramalist.com/X8Bwqs.jpg?v=1
My Roommate Is a Gumiho,https://i.mydramalist.com/xJdOy_4s.jpg?v=1
Ugly Alert,https://i.mydramalist.com/akwJds.jpg?v=1
Confession,https://i.mydramalist.com/wwN6As.jpg?v=1
Vampire Prosecutor Season 2,https://i.mydramalist.com/AB71Ls.jpg?v=1
Psychopath Diary,https://i.mydramalist.com/2g4yWs.jpg?v=1
City Hunter,https://i.mydramalist.com/a81mls.jpg?v=1
Voice Season 4: Judgment Hour,https://i.mydramalist.com/Qoj34_4s.jpg?v=1
"At a Distance, Spring Is Green",https://i.mydramalist.com/2Pxe2_4s.jpg?v=1
100 Days My Prince,https://i.mydramalist.com/p0yXrs.jpg?v=1
Search: WWW,https://i.mydramalist.com/6peeWs.jpg?v=1
He Is Psychometric,https://i.mydramalist.com/qqPxds.jpg?v=1
God's Gift: 14 Days,https://i.mydramalist.com/mOxLqs.jpg?v=1
True Beauty,https://i.mydramalist.com/qP2kK_4s.jpg?v=1
The Hymn of Death,https://i.mydramalist.com/g2Jxrs.jpg?v=1
Gu Family Book,https://i.mydramalist.com/doREzs.jpg?v=1
One Spring Night,https://i.mydramalist.com/0lAZO_4s.jpg?v=1
The Nokdu Flower,https://i.mydramalist.com/kXL5bs.jpg?v=1
The Beauty Inside,https://i.mydramalist.com/Xeyjds.jpg?v=1
The Tale of Nokdu,https://i.mydramalist.com/23k3Os.jpg?v=1
God's Quiz: Reboot,https://i.mydramalist.com/qqYj0s.jpg?v=1
Five Enough,https://i.mydramalist.com/WdX5ms.jpg?v=1
Class of Lies,https://i.mydramalist.com/1qvQys.jpg?v=1
The King's Affection,https://i.mydramalist.com/XVVjx_4s.jpg?v=1
Iljimae,https://i.mydramalist.com/ak8r9s.jpg?v=1
The Sound of Your Heart,https://i.mydramalist.com/EmBz0_4s.jpg?v=1
Tree With Deep Roots,https://i.mydramalist.com/0wgvYs.jpg?v=1
Oh My Ghost,https://i.mydramalist.com/bvp1Vs.jpg?v=1
Coffee Prince,https://i.mydramalist.com/LwBY3s.jpg?v=1
Terius Behind Me,https://i.mydramalist.com/egd3Es.jpg?v=1
Special Affairs Team TEN,https://i.mydramalist.com/ElWBps.jpg?v=1
Suspicious Partner,https://i.mydramalist.com/vQvO2s.jpg?v=1
God's Quiz,https://i.mydramalist.com/NdAzWs.jpg?v=1
Memory,https://i.mydramalist.com/RRXWR_4s.jpg?v=1
Graceful Family,https://i.mydramalist.com/XwLgws.jpg?v=1
49 Days,https://i.mydramalist.com/96Y2as.jpg?v=1
The Guardians,https://i.mydramalist.com/yNNdds.jpg?v=1
Leverage,https://i.mydramalist.com/doR8zs.jpg?v=1
The Smile Has Left Your Eyes,https://i.mydramalist.com/rYPrys.jpg?v=1
Lawless Lawyer,https://i.mydramalist.com/KA1w8s.jpg?v=1
Missing Noir M,https://i.mydramalist.com/kyDN8s.jpg?v=1
Oh My Geum Bi,https://i.mydramalist.com/XZ1Ens.jpg?v=1
Oh My Venus,https://i.mydramalist.com/B1rl6_4s.jpg?v=1
Awaken,https://i.mydramalist.com/0ex5E_4s.jpg?v=1
D-Day,https://i.mydramalist.com/B77yzs.jpg?v=1
Angry Mom,https://i.mydramalist.com/KnJ74s.jpg?v=1
Touch Your Heart,https://i.mydramalist.com/pWVlns.jpg?v=1
Watcher,https://i.mydramalist.com/jXbgrs.jpg?v=1
God's Quiz Season 3,https://i.mydramalist.com/M5nEBs.jpg?v=1
Giant,https://i.mydramalist.com/zNbw7s.jpg?v=1
Live Up to Your Name,https://i.mydramalist.com/qkgD5s.jpg?v=1
Love Playlist Season 4,https://i.mydramalist.com/1pp55s.jpg?v=1
Bulgasal: Immortal Souls,https://i.mydramalist.com/W4krO_4s.jpg?v=1
Love in the Moonlight,https://i.mydramalist.com/kojx8s.jpg?v=1
Mine,https://i.mydramalist.com/xlJmX_4s.jpg?v=1
Welcome 2 Life,https://i.mydramalist.com/0pkwNs.jpg?v=1
Misty,https://i.mydramalist.com/q2WrDs.jpg?v=1
A Gentleman's Dignity,https://i.mydramalist.com/qY5jDs.jpg?v=1
Liar Game,https://i.mydramalist.com/nOQyNs.jpg?v=1
Are You Human Too?,https://i.mydramalist.com/ZeVdY_4s.jpg?v=1
God's Quiz Season 2,https://i.mydramalist.com/Z8QV8s.jpg?v=1
Tell Me What You Saw,https://i.mydramalist.com/vRDYXs.jpg?v=1
King2Hearts,https://i.mydramalist.com/b3nWEs.jpg?v=1
Rookie Historian Goo Hae Ryung,https://i.mydramalist.com/dd1Ezs.jpg?v=1
Ghost,https://i.mydramalist.com/9rO0ms.jpg?v=1
What Happens to My Family?,https://i.mydramalist.com/5v2O4s.jpg?v=1
Queen for Seven Days,https://i.mydramalist.com/kok2ks.jpg?v=1
Remember: War of the Son,https://i.mydramalist.com/JERJls.jpg?v=1
A Korean Odyssey,https://i.mydramalist.com/OrP1ds.jpg?v=1
Who Are You: School 2015,https://i.mydramalist.com/jqPyJs.jpg?v=1
School 2013,https://i.mydramalist.com/x48Rys.jpg?v=1
Secret Garden,https://i.mydramalist.com/15Ygy_4s.jpg?v=1
XX,https://i.mydramalist.com/wVWzns.jpg?v=1
When the Weather Is Fine,https://i.mydramalist.com/2ebvW_4s.jpg?v=1
Blue Birthday,https://i.mydramalist.com/x1JYw_4s.jpg?v=1
Run On,https://i.mydramalist.com/B5OKq_4s.jpg?v=1
Diary of a Prosecutor,https://i.mydramalist.com/dvv3Ks.jpg?v=1
Find Me in Your Memory,https://i.mydramalist.com/qo4Qzs.jpg?v=1
History of the Salaryman,https://i.mydramalist.com/ArmK3s.jpg?v=1
Something about 1 Percent,https://i.mydramalist.com/JZ03Js.jpg?v=1
Chief of Staff Season 2,https://i.mydramalist.com/4D56rs.jpg?v=1
Unstoppable High Kick,https://i.mydramalist.com/E50pms.jpg?v=1
